0	即
1	晨
2	晝
3	夜
4	晴
5	雲
6	多
7	雨
8	霧
9	蒸
10	電
11	露
12	像
13	徵
14	坡
15	轟
16	將
17	物
18	資
19	從
20	輸
21	送
22	到
23	和
24	結
25	合
26	了
27	域
28	盟
29	停
30	戰
31	在
32	流
33	浪
34	中
35	移
36	動
37	逮
38	捕
39	正
40	的
41	配
42	下
43	六
44	一
45	頁
46	終
47	切
48	換
49	顯
50	示
51	內
52	容
53	派
54	使者
55	者
56	嗎
57	開
58	密
59	會
60	不
61	是
62	君
63	主
64	所
65	地
66	只
67	得
68	部
69	分
70	情
71	報
72	黃
73	金
74	票
75	券
76	統
77	治
78	狀
79	態
80	長
81	期
82	作
83	謀
84	劃
85	本
86	月
87	命
88	令
89	融
90	貂
91	蟬
92	有
93	話
94	要
95	說
96	聽
97	能
98	相
99	信
100	您
101	我
102	請
103	向
104	間
105	?
106	好
107	消息
108	把
109	消
110	息
111	?
112	華
113	陀
114	帶
115	沒
116	找
117	但
118	另
119	個
120	醫
121	師
122	?
123	?
124	代
125	替
126	術
127	國
128	別
129	無
130	?
131	告
132	況
133	武
134	收
135	書
136	發
137	現
138	士
139	?
140	氣
141	訓
142	練
143	度
144	耕
145	率
146	水
147	商
148	業
149	值
150	升
151	變
152	化
153	執
154	行
155	造
156	完
157	兩
158	隻
159	船
160	做
161	甚
162	麼
163	總
164	數
165	軍
166	費
167	糧
168	乘
169	餘
170	?
171	種
172	設
173	隊
174	成
175	那
176	任
177	誰
178	元
179	帥
180	每
181	人
182	少
183	弓
184	?
185	馬
186	重
187	艦
188	輕
189	?
190	時
191	利
192	品
193	此
194	後
195	提
196	交
197	放
198	棄
199	場
200	援
201	救
202	去
203	方
204	?
205	參
206	方
207	推
208	進
209	遺
210	憾
211	里
212	城
213	市
214	取
215	可
216	他
217	更
218	汽
219	大
220	委
221	協
222	議
223	們
224	再
225	降
226	忠
227	誠
228	民
229	想
230	你
231	這
232	以
233	聖
234	選
235	擇
236	條
237	路
238	領
239	共
240	決
241	定
242	給
243	助
244	件
245	釋
246	鄴
247	首
248	怎
249	樣
250	處
251	最
252	接
253	受
254	拒
255	絕
256	建
257	都
258	?
259	圖
260	如
261	何
262	理
263	對
264	待
265	投
266	防
267	控
268	新
269	止
270	攻
271	打
272	按
273	計
274	勝
275	真
276	見
277	手
278	被
279	識
280	破
281	埋
282	磁
283	碟
284	?
285	?
286	機
287	片
288	錯
289	看
290	據
291	讀
292	鍵
293	左
294	鈕
295	右
296	居
297	覽
298	砂
299	等
300	生
301	產
302	適
303	應
304	?
305	司
306	徽
307	許
308	子
309	於
310	吉
311	慈
312	暴
313	蠍
314	當
315	虛
316	李
317	意
318	平
319	獻
320	帝
321	文
322	官
323	野
324	太
325	守
326	步
327	騎
328	爭
329	準
330	備
331	搜
332	索
333	土
334	著
335	入
336	滑
337	鼠
338	策
339	略
340	火
341	失
342	敗
343	烧
344	吸
345	哈
346	負
347	返
348	已
349	吧
350	既
351	然
352	服
353	盡
354	早
355	撤
356	日
357	功
358	敢
359	達
360	背
361	旨
362	冠
363	死
364	衛
365	過
366	難
367	道
368	先
369	願
370	抗
371	也
372	辦
373	法
374	退
375	敵
376	叛
377	?
378	跑
379	箭
380	傷
381	突
382	幾
383	體
384	亡
385	挑
386	殺
387	導
388	與
389	而
390	經
391	允
392	擅
393	員
394	吹
395	灰
396	之
397	格
398	笑
399	單
400	該
401	噢
402	潛
403	聯
404	追
405	損
406	草
407	耗
408	低
409	落
410	達
411	乏
412	若
413	知
414	試
415	乃
416	招
417	藝
418	估
419	次
420	全
421	愧
422	憑
423	拼
424	悔
425	?
426	才
427	超
428	群
429	遇
430	記
431	住
432	就
433	易
434	讓
435	嗨
436	刀
437	軟
438	嘿
439	噗
440	哇
441	喔
442	嘘
443	走
444	匹
445	夫
446	骨
447	挖
448	隆
449	井
450	良
451	尚
452	弱
453	家
454	名
455	络
456	摆
457	慢
458	装
459	设
460	灭
461	围
462	困
463	心
464	搖
465	小
466	坑
467	隱
468	藏
469	擊
470	幸
471	倒
472	雕
473	古
474	刻
475	陸
476	指
477	揮
478	增
479	加
480	海
481	近
482	偷
483	襲
484	普
485	通
486	射
487	離
488	般
489	勸
490	室
491	操
492	犬
493	假
494	傳
495	齡
496	第
497	?
498	?
499	解
500	除
501	?
502	盤
503	式
504	項
505	駐
506	?
507	巾
508	盜
509	均
510	丟
511	抓
512	裡
513	基
514	今
515	由
516	擔
517	甲
518	歸
519	田
520	繼
521	承
522	位
523	?
524	族
525	害
526	于
527	前
528	天
529	久
530	病
531	點
532	恢
533	復
534	遁
535	三
536	苍
537	碧
538	光
539	?
540	淺
541	德
542	高
543	望
544	反
545	?
546	懊
547	惱
548	視
549	必
550	引
551	起
552	亂
553	惜
554	限
555	制
556	抱
557	滿
558	叫
559	秘
560	玉
561	輿
562	軌
563	祖
564	寶
565	訴
566	千
567	駿
568	鐵
569	盔
570	劍
571	較
572	聞
573	蹤
574	效
575	勞
576	錄
577	獨
578	立
579	靠
580	奔
581	各
582	遭
583	炎
584	標
585	砝
586	克
587	莫
588	延
589	疾
590	蝗
591	風
592	洪
593	慶
594	祝
595	豐
596	?
597	訪
598	孔
599	明
600	諸
601	葛
602	亮
603	孫
604	至
605	父
606	仇
607	策
608	江
609	東
610	二
611	張
612	袁
613	漢
614	朝
615	危
616	?
617	劍
618	劉
619	酒
620	矣
621	施
622	善
623	擁
624	護
625	皇
626	湘
627	陽
628	薩
629	空
630	臥
631	龍
632	徒
633	食
634	兒
635	村
636	奉
637	借
638	?
639	私
640	拜
641	王
642	隨
643	堅
644	保
645	証
646	便
647	親
648	山
649	房
650	士
651	?
652	?
653	深
654	敬
655	賢
656	?
657	關
658	照
659	甘
660	又
661	於
662	侯
663	昨
664	眼
665	友
666	肯
667	霸
668	昭
669	紘
670	教
671	誨
672	榮
673	疏
674	學
675	賊
676	伍
677	實
678	劈
679	興
680	未
681	歡
682	喜
683	宣
684	漲
685	廷
686	討
687	伐
688	朕
689	頭
690	恨
691	象
692	美
693	講
694	?
695	己
696	休
697	養
698	者
699	特
700	秒
701	插
702	志
703	尋
704	仗
705	曾
706	賴
707	續
708	談
709	判
710	改
711	身
712	份
713	?
714	務
715	版
716	登
717	字
718	侯
719	補
720	?
721	感
722	七
723	八
724	九
725	十
726	其
727	初
728	級
729	史
730	始
731	遊
732	戲
733	類
734	際
735	修
736	臉
737	性
738	碼
739	歲
740	男
741	靈
742	董
743	卓
744	京
745	權
746	玄
747	魄
748	隆
749	匡
750	扶
751	鼎
752	姜
753	維
754	菜
755	劇
756	玩
757	載
758	誤
759	斷
760	存
761	啟
762	歌
763	謝
764	禮
765	酬
766	支
767	付
768	原
769	拿
770	答
771	它
772	幫
773	雖
774	義
775	安
776	搶
777	儲
778	庫
779	迎
780	往
781	衡
782	希
783	績
784	量
785	慎
786	考
787	慮
788	持
789	致
790	募
791	努
792	編
793	製
794	花
795	需
796	白
797	門
798	益
799	采
800	果
801	籠
802	直
803	轄
804	晚
805	謊
806	忘
807	屈
808	屋
809	冤
810	怨
811	當
812	履
813	因
814	西
815	獎
816	賞
817	捨
818	跟
819	患
820	展
821	順
822	副
823	思
824	豊
825	嗎
826	?
827	問
828	題
829	胸
830	狹
831	窄
832	?
833	供
834	毫
835	裂
836	毀
837	調整
838	?
839	厲
840	老
841	蓄
842	公
843	饜
844	言
845	否
846	永
847	遠
848	論
849	殃
850	顧
851	透
852	輩
853	探
854	稅
855	灌
856	溉
857	巧
858	口
859	仕
860	價
861	賣
862	米
863	買
864	排
865	列
866	規
867	積
868	秋
869	繁
870	煽
871	妙
872	認
873	偏
874	虎
875	底
876	?
877	?
878	偽
879	虎
880	競
881	驅
882	吞
883	吞
884	稍
885	算
886	器
887	鬥
888	昂
889	揚
890	錦
891	囊
892	檢
893	查
894	?
895	癒
896	音
897	樂
898	畫
899	面
900	模
901	殊
902	孟
903	青
904	釭
905	紫
906	藍
907	黑
908	赤
909	兔
910	盧
911	爪
912	飛
913	祁
914	塞
915	界
916	橋
917	渡
918	陶
919	丈
920	街
921	亭
922	狄
923	淮
924	陰
925	阪
926	夷
927	陵
928	肥
929	洁
930	濡
931	须
932	壁
933	牢
934	函
935	谷
936	雹
937	呂
938	布
939	紹
940	表
941	鲁
942	傕
943	曹
944	璋
945	繇
946	朗
947	瓚
948	融
949	騰
950	嚴
951	魏
952	醜
953	蔡
954	瑁
955	顏
956	郭
957	吳
958	蘭
959	夏
960	惇
961	羽
962	禁
963	旋
964	胤
965	蒯
966	歆
967	贾
968	詡
969	嘉
970	汜
971	霍
972	峻
973	楷
974	沮
975	授
976	郝
977	萌
978	淵
979	恩
980	尹
981	楙
982	韓
983	桓
984	浩
985	遂
986	嵩
987	暹
988	闞
989	澤
990	簡
991	雍
992	麴
993	紀
994	鞏
995	敘
996	蕤
997	攸
998	越
999	虞
1000	翻
1001	威
1002	輿
1003	蓋
1004	熙
1005	胡
1006	懿
1007	審
1008	勳
1009	寧
1010	幹
1011	辛
1012	評
1013	車
1014	冑
1015	周
1016	昕
1017	倉
1018	泰
1019	瑜
1020	朱
1021	俊
1022	蔣
1023	渠
1024	尚
1025	弘
1026	焦
1027	触
1028	鍾
1029	荀
1030	彧
1031	淳
1032	瓊
1033	諶
1034	爽
1035	徐
1036	庶
1037	鄒
1038	靖
1039	宜
1040	薛
1041	蘭
1042	宋
1043	憲
1044	謙
1045	仁
1046	純
1047	豹
1048	毘
1049	蘇
1050	乾
1051	靜
1052	藏
1053	景
1054	陳
1055	橫
1056	宮
1057	矯
1058	珪
1059	震
1060	琳
1061	趙
1062	英
1063	燕
1064	闓
1065	闓
1066	郃
1067	?
1068	濟
1069	繡
1070	松
1071	範
1072	邈
1073	楊
1074	翼
1075	遼
1076	閻
1077	圃
1078	程
1079	昱
1080	銀
1081	鄭
1082	典
1083	韋
1084	鄧
1085	杜
1086	潘
1087	樊
1088	岱
1089	詩
1090	糜
1091	竺
1092	芳
1093	傅
1094	巽
1095	譚
1096	聘
1097	逢
1098	龐
1099	寵
1100	毛
1101	玠
1102	沛
1103	琦
1104	柏
1105	彪
1106	阜
1107	雷
1108	銅
1109	薄
1110	異
1111	懷
1112	堪
1113	封
1114	潰
1115	默
1116	巴
1117	磐
1118	伊
1119	籍
1120	甫
1121	曄
1122	廖
1123	梁
1124	寬
1125	剛
1126	凌
1127	虔
1128	常
1129	冷
1130	苞
1131	衢
1132	綜
1133	瑾
1134	褚
1135	昌
1136	晃
1137	崔
1138	勇
1139	曠
1140	翔
1141	则
1142	钦
1143	累
1144	敦
1145	觀
1146	垢
1147	習
1148	汜
1149	渙
1150	蹟
1151	褘
1152	彤
1153	南
1154	碩
1155	蒙
1156	舉
1157	畯
1158	叡
1159	坦
1160	莒
1161	秀
1162	植
1163	貢
1164	猛
1165	秦
1166	琪
1167	秉
1168	班
1169	芝
1170	績
1171	盛
1172	逵
1173	雄
1174	福
1175	辟
1176	讚
1177	璜
1178	卞
1179	鮑
1180	奇
1181	肅
1182	丁
1183	琬
1184	鵠
1185	孚
1186	恭
1187	康
1188	晙
1189	楷
1190	遜
1191	翊
1192	嬰
1193	韶
1194	范
1195	疆
1196	奕
1197	琮
1198	疇
1199	嶷
1200	柔
1201	駱
1202	丕
1203	邢
1204	廣
1205	粲
1206	牛
1207	晏
1208	騭
1209	魴
1210	旌
1211	濬
1212	謖
1213	惲
1214	彰
1215	儀
1216	溫
1217	膺
1218	循
1219	洽
1220	耿
1221	悌
1222	申
1223	耽
1224	惠
1225	沙
1226	摩
1227	熊
1228	雙
1229	卑
1230	衍
1231	質
1232	柳
1233	倫
1234	祚
1235	毋
1236	丘
1237	儉
1238	恪
1239	凱
1240	褒
1241	環
1242	獲
1243	荼
1244	奴
1245	朵
1246	阿
1247	喃
1248	艾
1249	伉
1250	優
1251	禪
1252	遵
1253	誕
1254	彥
1255	宇
1256	羊
1257	祜
1258	髦
1259	奐
1260	章
1261	岑
1262	昏
1263	瑩
1264	皓
1265	沈
1266	炎
1267	征
1268	冀
1269	折
1270	綝
1271	馥
1272	焉
1273	喬
1274	儁
1275	輔
1276	綱
1277	譚
1278	軫
1279	钟
1280	茂
1281	繡
1282	旻
1283	稠
1284	鳳
1285	鯨
1286	吵
1287	儒
1288	廉
1289	宋
1290	廖
1291	紘
1292	粲
1293	旬
1294	毋
1295	冀
1296	褚
1297	晏
1298	北
1299	晋
1300	縣
1301	晉
1302	皮
1303	裔
1304	濮
1305	留
1306	洛
1307	農
1308	涼
1309	鄴
1310	州
1311	譙
1312	汝
1313	宛
1314	庸
1315	桂
1316	零
1317	壽
1318	春
1319	郡
1320	稿
1321	?
1322	签
1323	及
1324	弁
1325	梓
1326	潼
1327	檔
1328	案
1329	寺
1330	颱
1331	覆
1332	复
1333	个
1334	麽
